uuid,firstName,lastName,street,city,state,zip,email(s)
630db831-1fde-480a-b695-de0dea75f838,Alejandro,Grigorescu,81797 Summerview Terrace,Miami,FL,33180,agrigorescu0@technorati.com
74c6eee3-598f-4ed0-bb9a-a3a35201ab19,Allard,Kemmey,17880 Chive Street,San Bernardino,CA,92410,akemmey1@wunderground.com
0867fada-61aa-4080-b96b-a1e79299c93a,Nonnah,Gadesby,387 1st Way,Houston,TX,77045,ngadesby2@umich.edu,ngadesby2@google.com
ac277695-5cb5-4d5b-a576-a594749c2853,Bondie,Borton,90 Sommers Court,Tampa,FL,33625,bborton3@hostgator.com
f7415135-cdfb-47bf-ada8-5049f4a29f85,Elton,Poulsum,00 Village Green Hill,Philadelphia,PA,19131,epoulsum4@va.gov,epoulsum4@harvard.edu,epoulsum4@t-online.de
56125bd5-bd14-4184-be4b-e48d5afc1cac,Peg,Skydall,0 Ridge Oak Terrace,Huntsville,AL,35805,pskydall5@hibu.com
e797ce93-e426-4d4d-a786-6f6b6eeb96ee,Langston,Lubeck,17559 Knutson Hill,New Orleans,LA,70149,llubeck6@elpais.com,llubeck6@bloglovin.com,llubeck6@unblog.fr
862d7f60-d8d4-4cb6-bff1-e110661ea77a,Merrily,Rickarsey,1124 Graceland Drive,White Plains,NY,10633,mrickarsey7@walmart.com
0e1b4cfd-79b5-48a8-b574-d9b739b13d99,Kevan,Longworth,75245 Messerschmidt Street,Punta Gorda,FL,33982,klongworth8@businessinsider.com
9deeac71-e6d6-4244-a2a0-c98da7b385d8,Tarah,Gresswood,6082 Crownhardt Park,East Saint Louis,IL,62205,tgresswood9@gmpg.org,tgresswood9@bloomberg.com
3e5258da-553a-4ef9-9d7a-675c9760fd5d,Mair,Attwell,14250 Starling Parkway,Madison,WI,53790,mattwella@sina.com.cn